"legal_status","species","site_order","site_info","caretaker","date","dbh","plot_size","latitude","longitude"
"DPW Maintained","Lophostemon confertus :: Brisbane Box",9,"Sidewalk: Curb side : Cutout","Private",2000-12-19,3,3,37.7496956666258,-122.387374870966
"DPW Maintained","Podocarpus gracilor :: Fern Pine",1,"Sidewalk: Curb side : Cutout","Private",2019-01-31,3,4,37.7948345125635,-122.429767061412
"DPW Maintained","Podocarpus macrophyllus :: Yew Pine",1,"Sidewalk: Curb side : Cutout","DPW",2009-02-20,3,3,37.7424213531218,-122.492040096469
"DPW Maintained","Lophostemon confertus :: Brisbane Box",2,"Sidewalk: Curb side : Cutout","DPW",1995-03-24,9,3,37.7616075289461,-122.388823529289
"DPW Maintained","Prunus serrulata 'Kwanzan' :: Kwanzan Flowering Cherry",2,"Sidewalk: Curb side : Cutout","Private",2009-11-01,3,3,37.7890965465282,-122.420635698799
"DPW Maintained","Olea europaea :: Olive Tree",1,"Sidewalk: Curb side : Cutout","DPW",2008-03-17,3,3,37.7732491650363,-122.484145327456
"DPW Maintained","Phoenix canariensis :: Canary Island Date Palm",5,"Median : Cutout","DPW",1993-04-01,36,10,37.7635127037236,-122.433969576289
"DPW Maintained","Aesculus x carnea :: Red Horse Chestnut",30,"Sidewalk: Curb side : Cutout","DPW",1990-03-13,6,3,37.7417075815435,-122.379759286875
"DPW Maintained","Platanus x hispanica 'Yarwood' :: Yarwood Sycamore",1,":","Private",2018-05-08,3,4,37.7694751030168,-122.422442472745
"DPW Maintained","Acer x freemanii :: Freeman Maple",1,"Sidewalk: Curb side : Cutout","Private",1996-03-14,3,2,37.7219792306681,-122.401352947061
"DPW Maintained","Platanus x hispanica :: Sycamore: London Plane",10,"Sidewalk: Curb side : Cutout","Private",2008-12-02,5,4,37.8054924509885,-122.422696015008
"DPW Maintained","Tristaniopsis laurina :: Swamp Myrtle",1,"Sidewalk: Curb side : Cutout","DPW",2007-01-18,3,3,37.7575430661012,-122.482000985871
"DPW Maintained","Magnolia grandiflora 'Little Gem' :: Little Gem Magnolia",1,"Sidewalk: Curb side : Cutout","Private",2015-02-27,3,3,37.7294219655289,-122.424498316649
"DPW Maintained","Arbutus 'Marina' :: Hybrid Strawberry Tree",7,"Sidewalk: Curb side : Cutout","DPW",2006-03-18,3,3,37.7513670227591,-122.49691404116
"DPW Maintained","Eriobotrya deflexa :: Bronze Loquat",1,"Sidewalk: Curb side : Cutout","DPW",2014-05-14,6,3,37.7392281047953,-122.386261308815
"DPW Maintained","Tristaniopsis laurina 'Elegant' :: Small-leaf Tristania 'Elegant'",9,"Sidewalk: Curb side : Cutout","SFUSD",2015-02-19,3,3,37.7785280252799,-122.492063820389
"DPW Maintained","Eriobotrya deflexa :: Bronze Loquat",1,"Sidewalk: Curb side : Cutout","Private",2018-09-26,3,0,37.7749592147956,-122.444664484942
"DPW Maintained","Acacia melanoxylon :: Blackwood Acacia",1,"Sidewalk: Curb side : Cutout","Private",1985-11-14,17,6,37.798958825936,-122.405282833437
"DPW Maintained","Tristaniopsis laurina 'Elegant' :: Small-leaf Tristania 'Elegant'",7,"Sidewalk: Curb side : Cutout","DPW",2011-04-27,3,3,37.7230762793257,-122.441982968035
"DPW Maintained","Prunus serrulata 'Kwanzan' :: Kwanzan Flowering Cherry",1,"Sidewalk: Curb side : Cutout","DPW",2009-02-20,3,3,37.7648148143539,-122.466434253957
"DPW Maintained","Tree(s) ::",2,"Sidewalk: Curb side : Cutout","Private",2017-03-13,3,3,37.7524282324025,-122.408090976419
"DPW Maintained","Arbutus 'Marina' :: Hybrid Strawberry Tree",2,"Sidewalk: Curb side : Cutout","DPW",2008-02-11,3,3,37.7792262226622,-122.459638683737
"DPW Maintained","Lagunaria patersonii :: Primrose Tree",1,"Sidewalk: Curb side : Cutout","Private",2011-09-07,5,3,37.7229052675357,-122.425411786848
"DPW Maintained","Lophostemon confertus :: Brisbane Box",12,"Median : Cutout","DPW",2005-10-14,3,3,37.7467556947169,-122.446402331222
"DPW Maintained","Tristania conferta ::",1,"Sidewalk: Curb side : Cutout","DPW",1995-01-12,6,3,37.7218625753274,-122.395727660172
"DPW Maintained","Tristaniopsis laurina :: Swamp Myrtle",1,"Sidewalk: Curb side : Cutout","DPW",2012-06-06,3,6,37.7860706907907,-122.47618083271
"DPW Maintained","Pittosporum undulatum :: Victorian Box",1,"Sidewalk: Curb side : Cutout","Private",2006-03-02,3,4,37.7638101603166,-122.419453829866
"DPW Maintained","Acacia melanoxylon :: Blackwood Acacia",2,"Sidewalk: Curb side : Cutout","DPW",1997-02-28,24,3,37.7814861206023,-122.428124228455
"DPW Maintained","Tristaniopsis laurina :: Swamp Myrtle",1,"Sidewalk: Curb side : Cutout","DPW",2008-05-15,3,3,37.7868121471231,-122.460013081791
"DPW Maintained","Metrosideros excelsa :: New Zealand Xmas Tree",8,"Sidewalk: Curb side : Yard","Private",2019-12-14,3,3,37.7494185989562,-122.499712087956
"DPW Maintained","Maytenus boaria :: Mayten",1,"Sidewalk: Curb side : Cutout","DPW",1997-12-17,6,3,37.7828340176265,-122.421837034768
"DPW Maintained","Rhaphiolepis Majestic Beauty :: Indian Hawthorn  'Majestic Beau'",2,"Sidewalk: Curb side : Cutout","Private",1998-11-17,6,3,37.765624439844,-122.405661260085
"DPW Maintained","Ceratonia siliqua :: Carob",1,"Sidewalk: Curb side : Cutout","Private",2002-05-09,8,3,37.7186233778889,-122.393646260173
"DPW Maintained","Tristaniopsis laurina :: Swamp Myrtle",2,"Sidewalk: Curb side : Cutout","DPW",2008-03-09,6,3,37.7757364121632,-122.43142086376
"DPW Maintained","Olea europaea :: Olive Tree",16,"Back Yard : Yard","DPW",2017-09-22,3,3,37.7220768117153,-122.439836937152
"DPW Maintained","Agonis flexuosa :: Peppermint Willow",1,"Sidewalk: Curb side : Cutout","Private",1998-04-23,28,4,37.7261135989609,-122.434581409299
"DPW Maintained","Pittosporum undulatum :: Victorian Box",1,"Sidewalk: Curb side : Cutout","Private",2008-08-04,7,3,37.7756872831816,-122.455423221577
"DPW Maintained","Olea europaea :: Olive Tree",2,"Sidewalk: Curb side : Cutout","DPW",2008-03-19,3,3,37.7798220340381,-122.484814731334
"DPW Maintained","Lagunaria patersonii :: Primrose Tree",3,"Sidewalk: Curb side : Cutout","Private",2017-10-05,3,0,37.7113673820764,-122.44773365339
"DPW Maintained","Lyonothamnus floribundus subsp. asplenifolius :: Santa Cruz Ironwood",1,"Sidewalk: Curb side : Cutout","Private",2018-04-02,3,3,37.7439459221633,-122.419649655109
"DPW Maintained","Agonis flexuosa :: Peppermint Willow",1,"Sidewalk: Curb side : Cutout","Private",2014-12-24,3,3,37.7329839958128,-122.410108077526
"DPW Maintained","Prunus serrulata :: Ornamental Cherry",1,"Sidewalk: Curb side : Cutout","DPW",2006-12-26,3,3,37.762990173852,-122.485753827898
"DPW Maintained","Lophostemon confertus :: Brisbane Box",6,"Sidewalk: Curb side : Cutout","Private",2013-02-04,3,4,37.7627751564662,-122.388573217579
"DPW Maintained","Magnolia grandiflora :: Southern Magnolia",1,"Sidewalk: Curb side : Cutout","Private",2008-07-03,2,3,37.7365164666592,-122.49345134135
"DPW Maintained","Lophostemon confertus :: Brisbane Box",2,"Sidewalk: Curb side : Cutout","DPW",1996-05-12,3,3,37.7637846032908,-122.388584451893
"DPW Maintained","Ulmus parvifolia :: Chinese Elm",3,"Sidewalk: Curb side : Cutout","DPW",2007-05-21,3,3,37.7712434091602,-122.414854606958
"DPW Maintained","Magnolia spp :: Magnolia",3,"Sidewalk: Curb side : Cutout","Private",2017-04-12,3,0,37.7823618989571,-122.439517100245
"DPW Maintained","Geijera parviflora :: Australian Willow",1,"Sidewalk: Curb side : Cutout","Private",2015-02-27,3,3,37.7226961949641,-122.441209260793
"DPW Maintained","Ginkgo biloba :: Maidenhair Tree",1,"Sidewalk: Curb side : Cutout","Private",2018-03-21,3,3,37.7538436987356,-122.430780212448
"DPW Maintained","Ficus microcarpa nitida 'Green Gem' :: Indian Laurel Fig Tree 'Green Gem'",1,"Sidewalk: Curb side : Cutout","Private",1998-04-02,50,3,37.7413031483252,-122.423990676354
"DPW Maintained","Liquidambar styraciflua :: American Sweet Gum",1,"Median : Cutout","DPW",2006-08-19,8,3,37.799747198685,-122.409399111615
"DPW Maintained","Pyrus calleryana :: Ornamental Pear",5,"Sidewalk: Curb side : Cutout","Private",2009-07-07,5,3,37.7504497751541,-122.3954923451
"DPW Maintained","Olea europaea :: Olive Tree",1,"Sidewalk: Curb side : Cutout","Private",2008-06-05,3,3,37.7127420182918,-122.397630353754
"DPW Maintained","Fraxinus americana 'Autumn Purple' :: American Autumn Purple Ash",25,"Sidewalk: Curb side : Cutout","DPW",2008-11-21,3,3,37.779314771488,-122.443750351573
"DPW Maintained","Callistemon viminalis :: Weeping Bottlebrush",1,"Sidewalk: Curb side : Cutout","Private",2002-11-25,4,3,37.7352234533834,-122.401142314262
"DPW Maintained","Platanus x hispanica :: Sycamore: London Plane",3,"Sidewalk: Curb side : Cutout","Private",2018-09-20,3,3,37.7596699656066,-122.390291803141
"DPW Maintained","Prunus serrulata :: Ornamental Cherry",2,"Sidewalk: Curb side : Cutout","Private",2009-07-27,2,3,37.7400780132426,-122.477709224348
"DPW Maintained","Lophostemon confertus :: Brisbane Box",2,"Sidewalk: Curb side : Cutout","DPW",2015-11-24,3,3,37.7195669620448,-122.392482069323
"DPW Maintained","Acacia melanoxylon :: Blackwood Acacia",8,"Sidewalk: Curb side : Cutout","Private",2011-12-06,3,3,37.7307271138572,-122.412720385963
"DPW Maintained","Arbutus 'Marina' :: Hybrid Strawberry Tree",3,"Sidewalk: Curb side : Cutout","DPW",2008-04-07,3,3,37.7740553098367,-122.49103269995
"DPW Maintained","Arbutus 'Marina' :: Hybrid Strawberry Tree",1,"Sidewalk: Curb side : Cutout","DPW",2018-11-10,3,5,37.7166453266888,-122.442859170287
"DPW Maintained","Magnolia grandiflora :: Southern Magnolia",2,"Sidewalk: Curb side : Cutout","Private",2013-06-25,3,2,37.7908036558184,-122.439364687429
"DPW Maintained","Maytenus boaria :: Mayten",1,"Sidewalk: Curb side : Cutout","Private",2004-04-08,8,6,37.718303870103,-122.432132042771
"DPW Maintained","Lophostemon confertus :: Brisbane Box",3,"Sidewalk: Curb side : Cutout","DPW",2006-02-28,6,3,37.7266274529527,-122.386328971933
"DPW Maintained","Prunus serrulata :: Ornamental Cherry",1,"Sidewalk: Curb side : Cutout","Private",2005-03-08,3,3,37.7142036007288,-122.465065423908
"DPW Maintained","Metrosideros excelsa :: New Zealand Xmas Tree",2,"Sidewalk: Curb side : Cutout","DPW",2008-04-22,3,3,37.7760288913643,-122.492227010124
"DPW Maintained","Ulmus parvifolia :: Chinese Elm",1,"Sidewalk: Curb side : Cutout","DPW",2007-05-07,3,3,37.7792394282463,-122.404844652616
"DPW Maintained","Prunus serrulata 'Kwanzan' :: Kwanzan Flowering Cherry",1,"Sidewalk: Curb side : Cutout","Private",2008-07-08,1,3,37.7800500349251,-122.404815345178
"DPW Maintained","Melaleuca linariifolia :: Flaxleaf Paperbark",2,"Sidewalk: Curb side : Cutout","Private",2008-07-09,8,3,37.7407561105046,-122.473467343654
"DPW Maintained","Washingtonia robusta :: Mexican Fan Palm",4,"Sidewalk: Curb side : Cutout","DPW",2003-04-01,20,3,37.7303864239,-122.470075778183
"DPW Maintained","Leptospermum laevigatum :: Australian Tea Tree",1,"Sidewalk: Curb side : Cutout","Private",2008-06-09,5,3,37.7401032328077,-122.50165975231
"DPW Maintained","Myoporum laetum :: Myoporum",2,"Sidewalk: Curb side : Cutout","DPW",2000-12-01,3,4,37.7399392564551,-122.400346698766
"DPW Maintained","Ceanothus 'Ray Hartman' :: California Lilac 'Ray Hartman'",3,"Sidewalk: Curb side : Cutout","Private",2014-12-24,3,3,37.7102932120209,-122.398697717749
"DPW Maintained","Pyrus calleryana :: Ornamental Pear",4,"Sidewalk: Curb side : Cutout","Private",2009-07-07,5,3,37.750587844453,-122.395505881685
"DPW Maintained","Pittosporum crassifolium :: Karo Tree",6,"Sidewalk: Curb side : Cutout","SFUSD",1992-05-08,6,3,37.7260119611657,-122.431755409402
"DPW Maintained","Laurus nobilis :: Sweet Bay: Grecian Laurel",1,"Sidewalk: Curb side : Cutout","DPW",2008-03-03,3,3,37.777260327334,-122.476936217932
"DPW Maintained","Lophostemon confertus :: Brisbane Box",2,"Sidewalk: Curb side : Cutout","DPW",2006-02-28,8,3,37.7287810498632,-122.38436791086
"DPW Maintained","Tristaniopsis laurina :: Swamp Myrtle",1,"Sidewalk: Curb side : Cutout","Private",2006-03-18,6,2,37.7323127688129,-122.475087464208
"DPW Maintained","Magnolia grandiflora 'Little Gem' :: Little Gem Magnolia",2,"Sidewalk: Curb side : Cutout","DPW",2014-06-10,3,6,37.7636288523174,-122.426128059965
"DPW Maintained","Platanus x hispanica :: Sycamore: London Plane",1,"Sidewalk: Curb side : Cutout","Private",2004-02-20,3,4,37.7793821590717,-122.438784977432
"DPW Maintained","Olea europaea 'Wilsonii' :: Wilson Olive Semi-fruitless",1,"Sidewalk: Curb side : Cutout","DPW",2018-03-29,3,2,37.7730542866325,-122.484131545488
"DPW Maintained","Liquidambar styraciflua 'Festival' :: Festival Sweet Gum",6,"Median : Cutout","DPW",2006-08-19,6,3,37.8044235907504,-122.41601752221
"DPW Maintained","Acer x freemanii :: Freeman Maple",1,"Sidewalk: Curb side : Cutout","DPW",2004-05-19,3,3,37.7507021509958,-122.409042246904
"DPW Maintained","Tristaniopsis laurina :: Swamp Myrtle",5,"Sidewalk: Curb side : Cutout","Private",2012-10-02,3,3,37.7821832897709,-122.405642828459
"DPW Maintained","Lophostemon confertus :: Brisbane Box",1,"Sidewalk: Curb side : Cutout","DPW",2012-05-22,3,3,37.7813837776088,-122.430724978461
"DPW Maintained","Metrosideros excelsa :: New Zealand Xmas Tree",3,"Sidewalk: Curb side : Cutout","Private",2000-06-05,11,2,37.8081787565193,-122.415547560374
"DPW Maintained","Melaleuca quinquenervia :: Cajeput",1,"Sidewalk: Curb side : Cutout","DPW",2017-09-29,3,9,37.7502891427417,-122.427415586979
"DPW Maintained","Ficus microcarpa nitida 'Green Gem' :: Indian Laurel Fig Tree 'Green Gem'",1,"Sidewalk: Curb side : Cutout","Private",1979-02-06,16,3,37.7887488371456,-122.412842220709
"DPW Maintained","Acacia melanoxylon :: Blackwood Acacia",2,"Sidewalk: Curb side : Yard","DPW",1995-01-01,20,6,37.7573307687038,-122.425546562835
"DPW Maintained","Magnolia grandiflora :: Southern Magnolia",1,"Sidewalk: Curb side : Cutout","Private",2006-04-28,7,3,37.7819597075091,-122.404515668584
"DPW Maintained","Olea europaea :: Olive Tree",1,"Sidewalk: Curb side : Cutout","DPW",1992-02-20,6,3,37.719137625171,-122.397437176644
"DPW Maintained","Yucca gloriosa :: Spanish Dagger",1,"Sidewalk: Curb side : Cutout","DPW",2008-04-07,3,3,37.7734310096789,-122.508128878588
"DPW Maintained","Tristaniopsis laurina :: Swamp Myrtle",2,"Sidewalk: Curb side : Cutout","Private",2018-02-07,3,2,37.7318613433091,-122.453371704763
"DPW Maintained","Olea europaea :: Olive Tree",1,"Sidewalk: Curb side : Cutout","Private",2017-12-06,3,3,37.7707509019602,-122.434117422087
"DPW Maintained","Ulmus parvifolia :: Chinese Elm",1,"Sidewalk: Curb side : Cutout","DPW",2008-02-21,3,3,37.7226068644033,-122.435023785838
"DPW Maintained","Tristaniopsis laurina 'Elegant' :: Small-leaf Tristania 'Elegant'",1,"Sidewalk: Curb side : Cutout","Private",2009-01-06,5,3,37.7233628237072,-122.4181503117
"DPW Maintained","Lagunaria patersonii :: Primrose Tree",1,"Sidewalk: Curb side : Cutout","Private",2015-02-05,3,3,37.7600289003771,-122.4974376175
"DPW Maintained","Agonis flexuosa :: Peppermint Willow",4,"Sidewalk: Curb side : Cutout","DPW",2008-04-07,3,3,37.773741391309,-122.497895361604
"DPW Maintained","Lagunaria patersonii :: Primrose Tree",1,"Sidewalk: Curb side : Cutout","Private",2008-11-11,6,3,37.7287382496569,-122.423037049614
"DPW Maintained","Ficus retusa nitida :: Banyan Fig",1,"Sidewalk: Curb side : Cutout","DPW",1990-05-21,12,4,37.7856582037536,-122.433284435542
"DPW Maintained","Arbutus 'Marina' :: Hybrid Strawberry Tree",3,"Sidewalk: Curb side : Cutout","DPW",1997-12-03,3,3,37.7204473313138,-122.404495660393
"DPW Maintained","Acer buergeranum :: Trident Maple",1,"Front Yard : Yard","Private",2018-01-17,3,3,37.7521147641156,-122.400667680341
"DPW Maintained","Tristaniopsis laurina 'Elegant' :: Small-leaf Tristania 'Elegant'",1,"Sidewalk: Curb side : Cutout","Private",2009-07-10,5,3,37.8019302138641,-122.439033785505
"DPW Maintained","Metrosideros excelsa :: New Zealand Xmas Tree",2,"Sidewalk: Curb side : Cutout","DPW",1997-05-22,3,10,37.757097778558,-122.49535183767
"DPW Maintained","Platanus x hispanica 'Columbia' :: Columbia Hybrid Plane Tree",6,"Sidewalk: Curb side : Cutout","DPW",2017-04-27,3,4,37.7771744463261,-122.416881015003
"DPW Maintained","Pyrus calleryana :: Ornamental Pear",1,"Sidewalk: Curb side : Cutout","DPW",2015-03-24,3,3,37.782434170308,-122.484973667791
"DPW Maintained","Maytenus boaria :: Mayten",2,"Sidewalk: Curb side : Cutout","Private",2008-06-24,2,3,37.7318116899468,-122.375625929912
"DPW Maintained","Prunus x 'Amanogawa' :: Flowering Cherry",1,"Sidewalk: Curb side : Cutout","DPW",2017-03-28,3,3,37.7425539090053,-122.484928867121
"DPW Maintained","Washingtonia robusta :: Mexican Fan Palm",2,"Sidewalk: Curb side : Cutout","Private",2015-02-05,3,3,37.7564247125175,-122.508035196592
"DPW Maintained","Prunus cerasifera :: Cherry Plum",1,"Sidewalk: Curb side : Cutout","DPW",1992-11-10,6,3,37.738258902726,-122.386594388046
"DPW Maintained","Arbutus 'Marina' :: Hybrid Strawberry Tree",1,"Sidewalk: Curb side : Cutout","DPW",2008-02-06,3,3,37.7790747025537,-122.466462566919
"DPW Maintained","Leptospermum scoparium :: New Zealand Tea Tree",1,"Sidewalk: Curb side : Cutout","Private",1997-07-15,6,2,37.800184363566,-122.411789466237
"DPW Maintained","Arbutus 'Marina' :: Hybrid Strawberry Tree",2,"Sidewalk: Curb side : Cutout","DPW",1996-06-28,18,3,37.7222306489176,-122.450161926319
"DPW Maintained","Tree(s) ::",1,"Sidewalk: Curb side : Cutout","Private",2019-10-07,3,2,37.7377332525917,-122.416738925554
"DPW Maintained","Eriobotrya deflexa :: Bronze Loquat",1,"Sidewalk: Curb side : Cutout","Private",1981-11-24,13,3,37.797462868466,-122.412037123318
"DPW Maintained","Arbutus 'Marina' :: Hybrid Strawberry Tree",2,"Sidewalk: Curb side : Cutout","Private",2009-07-27,3,3,37.759012998095,-122.479023781561
"DPW Maintained","Arbutus 'Marina' :: Hybrid Strawberry Tree",1,"Sidewalk: Curb side : Cutout","DPW",2008-04-18,3,3,37.7782505758989,-122.481225341039
"DPW Maintained","Arbutus unedo :: Strawberry Tree",22,"Median : Cutout","DPW",2012-02-25,3,3,37.7362078962607,-122.469914160906
"DPW Maintained","Acer rubrum 'October Glory' :: Red October Glory Maple",1,"Sidewalk: Curb side : Cutout","DPW",2007-04-13,3,3,37.7737777969396,-122.405575635607
"DPW Maintained","Eriobotrya deflexa :: Bronze Loquat",1,"Sidewalk: Curb side : Cutout","DPW",2008-04-21,3,3,37.7762985386745,-122.486342745884
"DPW Maintained","Magnolia grandiflora :: Southern Magnolia",6,"Sidewalk: Curb side : Cutout","SFUSD",1994-11-12,4,3,37.7740034947051,-122.429051358355
"DPW Maintained","Prunus serrulata 'Kwanzan' :: Kwanzan Flowering Cherry",2,"Sidewalk: Curb side : Cutout","Private",2008-06-05,2,3,37.7169890199119,-122.406813177404
"DPW Maintained","Magnolia doltsopa :: Himalayan Magnolia",1,"Sidewalk: Curb side : Cutout","Private",1998-04-02,12,3,37.7773547778944,-122.463099340943
"DPW Maintained","Eriobotrya deflexa :: Bronze Loquat",1,"Sidewalk: Curb side : Cutout","DPW",2008-11-14,3,3,37.7761405192841,-122.486193238376
"DPW Maintained","Afrocarpus gracilior :: Fern Pine",1,"Sidewalk: Curb side : Cutout","Private",2019-10-19,3,4,37.7223128112827,-122.396823338154
"DPW Maintained","Prunus cerasifera :: Cherry Plum",1,"Sidewalk: Curb side : Cutout","Private",2008-08-04,5,3,37.7750361697564,-122.469573199161
"DPW Maintained","Cordyline australis :: Dracena Palm",5,"Median : Cutout","DPW",2007-03-24,3,3,37.7431019219116,-122.422978533436
"DPW Maintained","Lophostemon confertus :: Brisbane Box",1,"Sidewalk: Curb side : Cutout","DPW",2005-03-12,12,4,37.7302312366854,-122.383074231097
"DPW Maintained","Lophostemon confertus :: Brisbane Box",3,"Median : Cutout","DPW",2005-07-06,3,3,37.7336140379052,-122.434102128474
"DPW Maintained","Prunus serrulata :: Ornamental Cherry",2,"Sidewalk: Curb side : Cutout","Private",2009-07-29,2,3,37.7444081200554,-122.491842887636
"DPW Maintained","Prunus serrulata :: Ornamental Cherry",1,"Sidewalk: Curb side : Cutout","Private",2006-06-06,2,3,37.7950181606921,-122.404806791825
"DPW Maintained","Ulmus parvifolia :: Chinese Elm",1,"Sidewalk: Curb side : Cutout","Private",2004-05-08,3,3,37.7522352918412,-122.414156805597
"DPW Maintained","Lophostemon confertus :: Brisbane Box",1,"Sidewalk: Curb side : Yard","Private",2017-10-13,3,3,37.7186558809545,-122.45912174239
"DPW Maintained","Cupaniopsis anacardioides :: Carrotwood",5,"Sidewalk: Curb side : Cutout","Private",2008-08-05,3,3,37.7528808971534,-122.385820292998
"DPW Maintained","Lophostemon confertus :: Brisbane Box",2,"Sidewalk: Curb side : Cutout","DPW",2017-08-04,3,5,37.803266767654,-122.414310731744
"DPW Maintained","Prunus serrulata 'Kwanzan' :: Kwanzan Flowering Cherry",1,"Sidewalk: Curb side : Cutout","DPW",2003-02-01,3,2,37.7667677623348,-122.424419474005
"DPW Maintained","Pyrus kawakamii :: Evergreen Pear",13,"Sidewalk: Curb side : Cutout","DPW",2006-03-11,3,3,37.7362499588234,-122.385749620885
"DPW Maintained","Arbutus 'Marina' :: Hybrid Strawberry Tree",1,"Sidewalk: Curb side : Cutout","DPW",2008-02-19,3,3,37.7743181591954,-122.48519710911
"DPW Maintained","Metrosideros excelsa :: New Zealand Xmas Tree",1,"Sidewalk: Curb side : Cutout","DPW",2008-04-22,3,3,37.7760038241586,-122.492760860949
"DPW Maintained","Magnolia grandiflora :: Southern Magnolia",2,"Sidewalk: Curb side : Cutout","Private",2009-05-19,2,3,37.7852035262311,-122.455893855978
"DPW Maintained","Lophostemon confertus :: Brisbane Box",4,"Sidewalk: Curb side : Cutout","DPW",1995-03-07,6,3,37.7767774617536,-122.413755445544
"DPW Maintained","Tristaniopsis laurina :: Swamp Myrtle",1,"Sidewalk: Curb side : Cutout","DPW",2007-01-12,3,3,37.7398812575788,-122.4852210847
"DPW Maintained","Callistemon viminalis :: Weeping Bottlebrush",3,"Sidewalk: Curb side : Cutout","DPW",2018-03-17,3,3,37.7752866381156,-122.508419343439
"DPW Maintained","Quercus rubra :: Red Oak",2,"Sidewalk: Curb side : Cutout","Private",2007-12-11,13,3,37.7900802933321,-122.453907965995
"DPW Maintained","Olea europaea 'Wilsonii' :: Wilson Olive Semi-fruitless",1,"Sidewalk: Curb side : Cutout","Private",2018-02-10,3,3,37.7345755773039,-122.416941529321
"DPW Maintained","Tristaniopsis laurina :: Swamp Myrtle",1,"Sidewalk: Curb side : Cutout","DPW",2016-02-11,3,3,37.7349794391408,-122.425246459546
"DPW Maintained","Pittosporum undulatum :: Victorian Box",2,"Sidewalk: Curb side : Cutout","Private",1992-02-11,12,3,37.7785736265261,-122.424203001193
"DPW Maintained","Prunus serrulata :: Ornamental Cherry",1,"Sidewalk: Curb side : Cutout","DPW",2006-12-20,3,3,37.7606459810936,-122.484520345328
"DPW Maintained","Pyrus calleryana 'Capital' :: Ornamental Pear Tree 'Capital'",1,"Sidewalk: Curb side : Cutout","DPW",2008-03-21,3,3,37.7781356853217,-122.484046112267
"DPW Maintained","Tristaniopsis laurina :: Swamp Myrtle",1,"Sidewalk: Curb side : Cutout","Private",2005-02-23,3,3,37.7122380490129,-122.445299718316
"DPW Maintained","Maytenus boaria :: Mayten",1,"Sidewalk: Curb side : Cutout","Private",2008-10-08,2,3,37.7735160624625,-122.485263959936
"DPW Maintained","Lophostemon confertus :: Brisbane Box",1,"Sidewalk: Curb side : Cutout","Private",2006-09-30,3,3,37.7659493235326,-122.42187563187
"DPW Maintained","Lophostemon confertus :: Brisbane Box",2,"Sidewalk: Curb side : Cutout","DPW",2003-05-12,18,3,37.7608903497218,-122.421319579831
"DPW Maintained","Tree(s) ::",1,"Sidewalk: Curb side : Cutout","Private",2013-01-09,9,3,37.7778042661218,-122.433123466086
"DPW Maintained","Lophostemon confertus :: Brisbane Box",5,"Sidewalk: Curb side : Cutout","Private",2012-05-02,3,2,37.7638763142737,-122.38895640434
"DPW Maintained","Ceratonia siliqua :: Carob",4,"Sidewalk: Curb side : Cutout","SFUSD",2010-11-23,3,3,37.7321324754711,-122.393810082896
"DPW Maintained","Lophostemon confertus :: Brisbane Box",6,"Sidewalk: Curb side : Cutout","DPW",2017-04-10,3,3,37.7434784230831,-122.382725032451
"DPW Maintained","Acer palmatum :: Japanese Maple",4,"Sidewalk: Curb side : Cutout","Private",2016-10-13,3,3,37.7893288387076,-122.398551462773
"DPW Maintained","Ulmus parvifolia 'Athena' :: Chinese Elm 'Athena'",1,"Sidewalk: Curb side : Cutout","Private",2009-07-02,6,3,37.7601300066003,-122.403211071536
"DPW Maintained","Maytenus boaria :: Mayten",1,"Sidewalk: Curb side : Cutout","Private",2006-03-16,4,3,37.7578096442131,-122.401032043901
"DPW Maintained","Eriobotrya deflexa :: Bronze Loquat",1,"Sidewalk: Curb side : Cutout","Private",2010-11-19,4,3,37.7299167896154,-122.412125784778
"DPW Maintained","Cordyline australis :: Dracena Palm",2,"Sidewalk: Curb side : Cutout","Private",2018-03-29,3,4,37.7717585006639,-122.510008863841
"DPW Maintained","Tristania conferta ::",1,"Sidewalk: Curb side : Cutout","DPW",1994-12-21,6,4,37.7723049499053,-122.451915402773
"DPW Maintained","Laurus nobilis :: Sweet Bay: Grecian Laurel",1,"Sidewalk: Curb side : Cutout","Private",1990-11-27,6,3,37.7177661944335,-122.391473700889
"DPW Maintained","Tilia cordata :: Littleleaf Linden",1,"Sidewalk: Curb side : Cutout","Private",2018-05-17,3,4,37.7605669026512,-122.407548899265
"DPW Maintained","Acer palmatum :: Japanese Maple",1,"Sidewalk: Curb side : Cutout","Private",2010-05-21,1,3,37.7182348543375,-122.436373045876
"DPW Maintained","Prunus cerasifera :: Cherry Plum",2,"Sidewalk: Curb side : Cutout","Private",2016-10-07,3,3,37.7842981813685,-122.455831357874
"DPW Maintained","Lophostemon confertus :: Brisbane Box",1,"Sidewalk: Curb side : Cutout","DPW",1997-06-18,6,4,37.7802510063553,-122.437837026039
"DPW Maintained","Prunus serrulata :: Ornamental Cherry",3,"Sidewalk: Curb side : Cutout","DPW",2006-03-23,3,3,37.7496402484926,-122.399163766262
"DPW Maintained","Tristaniopsis laurina :: Swamp Myrtle",1,"Sidewalk: Curb side : Cutout","Private",2017-01-06,3,3,37.7993377175325,-122.403298763539
"DPW Maintained","Quercus suber :: Cork Oak",9,"Sidewalk: Curb side : Cutout","DPW",2000-01-28,3,3,37.7433493901711,-122.383413165805
"DPW Maintained","Ulmus parvifolia :: Chinese Elm",1,"Sidewalk: Curb side : Cutout","DPW",2013-10-30,3,3,37.7872425389418,-122.43868221732
"DPW Maintained","Leptospermum laevigatum :: Australian Tea Tree",1,"Sidewalk: Curb side : Cutout","Private",2008-06-05,5,3,37.7151523039101,-122.403835398892
"DPW Maintained","Pittosporum undulatum :: Victorian Box",1,"Sidewalk: Curb side : Cutout","Private",2008-01-25,6,3,37.7908398526346,-122.424208065867
"DPW Maintained","Magnolia grandiflora :: Southern Magnolia",1,"Sidewalk: Curb side : Cutout","PUC",2006-09-11,3,4,37.7443032965649,-122.390585032484
"DPW Maintained","Metrosideros excelsa :: New Zealand Xmas Tree",6,"Sidewalk: Curb side : Cutout","Private",1993-02-25,9,3,37.7350824729799,-122.384105316417
"DPW Maintained","Eucalyptus sideroxylon :: Red Ironbark",4,"Sidewalk: Curb side : Cutout","DPW",1992-11-02,20,3,37.7306118245585,-122.381044204671
"DPW Maintained","Acacia stenophylla :: Shoestring Acacia",8,"Median : Cutout","DPW",2015-02-21,2,3,37.7606275304574,-122.423712366728
"DPW Maintained","Tristaniopsis laurina :: Swamp Myrtle",1,"Sidewalk: Curb side : Cutout","DPW",2007-01-19,3,3,37.7540572518588,-122.481904774405
"DPW Maintained","Agonis flexuosa :: Peppermint Willow",1,"Sidewalk: Curb side : Cutout","DPW",2008-04-07,3,3,37.773734632243,-122.498081584141
"DPW Maintained","Tristaniopsis laurina :: Swamp Myrtle",4,"Sidewalk: Curb side : Cutout","DPW",2008-03-09,18,3,37.7756205244718,-122.432328548686
"DPW Maintained","Tristania conferta ::",3,"Sidewalk: Curb side : Cutout","DPW",1997-02-25,18,4,37.78013945886,-122.423720149275
"DPW Maintained","Prunus cerasifera :: Cherry Plum",1,"Sidewalk: Curb side : Cutout","DPW",1998-12-24,3,3,37.7655193351826,-122.42406291888
"DPW Maintained","Pyrus calleryana :: Ornamental Pear",1,"Sidewalk: Curb side : Cutout","Private",1995-08-09,16,4,37.7596186017438,-122.433814624846
"DPW Maintained","Platanus x hispanica :: Sycamore: London Plane",7,"Sidewalk: Curb side : Cutout","DPW",2005-10-08,3,4,37.7930532214207,-122.396427736192
"DPW Maintained","Tristaniopsis laurina :: Swamp Myrtle",2,"Sidewalk: Curb side : Cutout","DPW",2018-03-29,3,3,37.7772101475974,-122.507407695808
"DPW Maintained","Prunus cerasifera :: Cherry Plum",1,"Sidewalk: Curb side : Cutout","Private",2009-07-08,3,3,37.7302704597076,-122.416792325508
"DPW Maintained","Lophostemon confertus :: Brisbane Box",1,"Sidewalk: Curb side : Cutout","DPW",2011-02-10,60,4,37.7966782522465,-122.418626429868
"DPW Maintained","Magnolia grandiflora :: Southern Magnolia",1,"Sidewalk: Curb side : Cutout","DPW",2007-03-21,3,3,37.7311490704717,-122.386123180923
"DPW Maintained","Melaleuca quinquenervia :: Cajeput",1,"Sidewalk: Curb side : Cutout","Private",2017-11-01,3,3,37.7522338637089,-122.426452279066
"DPW Maintained","Pyrus calleryana 'Aristocrat' :: Aristocrat Callery Pear",2,"Sidewalk: Curb side : Cutout","DPW",2007-03-01,3,3,37.7698022661703,-122.417839412441
"DPW Maintained","Arbutus 'Marina' :: Hybrid Strawberry Tree",1,"Sidewalk: Curb side : Cutout","Private",2019-05-18,3,3,37.7733413937131,-122.494010785581
"DPW Maintained","Tristania conferta ::",1,"Sidewalk: Curb side : Cutout","DPW",2006-02-28,4,2,37.725285925529,-122.387541555629
"DPW Maintained","Pittosporum undulatum :: Victorian Box",1,"Sidewalk: Curb side : Cutout","Private",2017-10-10,3,5,37.7088160489029,-122.434207604104
"DPW Maintained","Lyonothamnus floribundus subsp. asplenifolius :: Santa Cruz Ironwood",1,"Sidewalk: Curb side : Cutout","DPW",2017-05-09,3,3,37.7483356677609,-122.415515069691
"DPW Maintained","Magnolia grandiflora 'Little Gem' :: Little Gem Magnolia",1,"Sidewalk: Curb side : Cutout","Private",2014-09-08,3,3,37.7743284514501,-122.461729889857
"DPW Maintained","Olea europaea :: Olive Tree",1,"Sidewalk: Curb side : Cutout","DPW",2008-04-18,3,3,37.7733774694678,-122.484161405498
"DPW Maintained","Lophostemon confertus :: Brisbane Box",1,"Sidewalk: Curb side : Cutout","Private",2005-12-25,3,3,37.7641742947359,-122.388999643721
"DPW Maintained","Fraxinus oxycarpa 'Raywood' :: Raywood Ash",1,"Sidewalk: Curb side : Cutout","DPW",2005-12-15,3,3,37.7813670689673,-122.432263792423
"DPW Maintained","Pittosporum undulatum :: Victorian Box",14,"Sidewalk: Curb side : Cutout","SFUSD",2015-05-08,3,3,37.7817741116959,-122.457862824896
"DPW Maintained","Callistemon viminalis :: Weeping Bottlebrush",1,"Sidewalk: Curb side : Cutout","Private",1999-06-08,6,2,37.7293179724305,-122.432596459871
"DPW Maintained","Lophostemon confertus :: Brisbane Box",2,"Sidewalk: Curb side : Cutout","Private",2006-02-17,7,3,37.7759957634284,-122.414267325993
"DPW Maintained","Tree(s) ::",9,"Front Yard : Yard","Private",2017-09-18,3,3,37.7423681872216,-122.387569506434
"DPW Maintained","Callistemon viminalis :: Weeping Bottlebrush",8,"Sidewalk: Curb side : Cutout","SFUSD",1995-01-31,6,3,37.7733474740483,-122.428790423308
"DPW Maintained","Melaleuca ericifolia :: Heath Melaleuca",8,"Sidewalk: Curb side : Cutout","SFUSD",1992-05-08,6,3,37.7258878789975,-122.431846767938
"DPW Maintained","Trachycarpus fortunei :: Windmill Palm",16,"Median : Cutout","DPW",2007-03-24,3,3,37.7462324634173,-122.421863690264
"DPW Maintained","Pittosporum undulatum :: Victorian Box",1,"Sidewalk: Curb side : Cutout","DPW",2009-02-18,3,3,37.7638360767373,-122.472135724849
"DPW Maintained","Arbutus 'Marina' :: Hybrid Strawberry Tree",11,"Sidewalk: Curb side : Cutout","DPW",2006-03-18,3,3,37.7493850732351,-122.499691774232
"DPW Maintained","Tree(s) ::",1,"Sidewalk: Curb side : Cutout","Private",2017-07-19,3,5,37.7956788068866,-122.44607691062
"DPW Maintained","Olea europaea 'Wilsonii' :: Wilson Olive Semi-fruitless",1,"Sidewalk: Curb side : Cutout","Private",2018-03-29,7,4,37.7640342630845,-122.394933045925
"DPW Maintained","Ficus microcarpa :: Chinese Banyan",1,"Sidewalk: Curb side : Cutout","Private",2017-08-29,3,4,37.752819757444,-122.407799244655
"DPW Maintained","Lophostemon confertus :: Brisbane Box",5,"Sidewalk: Curb side : Cutout","DPW",2006-09-30,3,3,37.7689913983496,-122.422441424799
"DPW Maintained","Lophostemon confertus :: Brisbane Box",1,"Sidewalk: Curb side : Cutout","Private",2012-06-20,3,7,37.7883213434981,-122.450339905768
"DPW Maintained","Crataegus phaenopyrum :: Washington Hawthorn",1,"Sidewalk: Curb side : Yard","Private",2020-01-16,3,3,37.7755472130957,-122.507981064387
"DPW Maintained","Platanus x hispanica :: Sycamore: London Plane",2,"Sidewalk: Curb side : Cutout","Private",2010-07-19,8,3,37.8016476387788,-122.401582223964
"DPW Maintained","Platanus x hispanica :: Sycamore: London Plane",1,"Sidewalk: Curb side : Cutout","DPW",1994-05-09,20,2,37.7321781888581,-122.475080747187
"DPW Maintained","Magnolia grandiflora :: Southern Magnolia",1,"Sidewalk: Curb side : Cutout","Private",2007-03-29,3,3,37.7192700621295,-122.410395452309
"DPW Maintained","Lophostemon confertus :: Brisbane Box",4,"Sidewalk: Curb side : Cutout","Private",2012-05-02,3,3,37.7639119831748,-122.388964864252
"DPW Maintained","Eriobotrya deflexa :: Bronze Loquat",7,"Sidewalk: Curb side : Cutout","Private",2010-10-28,5,3,37.7402729290463,-122.406715716973
"DPW Maintained","Magnolia grandiflora 'Little Gem' :: Little Gem Magnolia",1,"Sidewalk: Curb side : Cutout","Private",2008-05-16,1,3,37.7796553729161,-122.498598162167
"DPW Maintained","Tristaniopsis laurina :: Swamp Myrtle",1,"Sidewalk: Curb side : Cutout","DPW",2002-08-02,12,3,37.7761459385303,-122.421877085169
"DPW Maintained","Lophostemon confertus :: Brisbane Box",9,"Sidewalk: Curb side : Cutout","DPW",2017-05-03,3,3,37.7451074685343,-122.385529022364
"DPW Maintained","Tristaniopsis laurina :: Swamp Myrtle",1,"Sidewalk: Curb side : Cutout","DPW",2011-08-19,4,3,37.7399416439834,-122.437468149431
"DPW Maintained","Ficus microcarpa nitida 'Green Gem' :: Indian Laurel Fig Tree 'Green Gem'",1,"Sidewalk: Curb side : Cutout","Private",1976-09-10,23,12,37.7502007447699,-122.426588281746
"DPW Maintained","Lophostemon confertus :: Brisbane Box",2,"Sidewalk: Curb side : Cutout","DPW",1990-07-03,6,3,37.7761009918136,-122.419683776105
"DPW Maintained","Tristaniopsis laurina :: Swamp Myrtle",1,"Sidewalk: Curb side : Cutout","Private",2008-06-11,4,3,37.7927500360266,-122.424809162826
"DPW Maintained","Lophostemon confertus :: Brisbane Box",13,"Median : Cutout","DPW",2005-10-14,3,3,37.7467430097923,-122.44650259483
"DPW Maintained","Lophostemon confertus :: Brisbane Box",7,"Sidewalk: Curb side : Cutout","DPW",1997-01-01,3,3,37.7153072596479,-122.398892125343
"DPW Maintained","Tristaniopsis laurina :: Swamp Myrtle",3,"Sidewalk: Curb side : Cutout","DPW",2009-04-22,3,3,37.743929571804,-122.422562198431
"DPW Maintained","Acacia melanoxylon :: Blackwood Acacia",1,"Sidewalk: Curb side : Cutout","DPW",2006-03-11,3,3,37.7333853506538,-122.383013103287
"DPW Maintained","Tristaniopsis laurina :: Swamp Myrtle",1,"Sidewalk: Curb side : Cutout","Private",2013-04-08,3,3,37.7881364123041,-122.416539570166
"DPW Maintained","Acer rubrum :: Red Maple",9,"Sidewalk: Curb side : Cutout","Private",2004-03-19,3,3,37.7400391610845,-122.386801588226
"DPW Maintained","Lophostemon confertus :: Brisbane Box",8,"Sidewalk: Curb side : Cutout","DPW",2012-02-11,3,3,37.7546012084983,-122.38807774329
"DPW Maintained","Maytenus boaria :: Mayten",2,"Sidewalk: Curb side : Cutout","DPW",2000-02-16,12,0,37.7794145735382,-122.426257687028
"DPW Maintained","Geijera parviflora :: Australian Willow",1,"Sidewalk: Curb side : Cutout","DPW",1991-01-01,6,6,37.8044747652934,-122.415561939011
"DPW Maintained","Tristania conferta ::",1,"Sidewalk: Curb side : Cutout","Private",1995-05-20,18,3,37.7884107443518,-122.425412039373
"DPW Maintained","Prunus serrulata 'Kwanzan' :: Kwanzan Flowering Cherry",2,"Sidewalk: Curb side : Cutout","Private",2007-01-01,3,3,37.7668763401938,-122.433253156504
"DPW Maintained","Fraxinus americana 'Autumn Purple' :: American Autumn Purple Ash",2,"Sidewalk: Curb side : Cutout","DPW",2008-12-08,3,3,37.7776017159973,-122.456623735227
"DPW Maintained","Tristaniopsis laurina :: Swamp Myrtle",1,"Sidewalk: Curb side : Cutout","DPW",1997-06-04,5,3,37.725493319329,-122.462527475518
"DPW Maintained","Acacia melanoxylon :: Blackwood Acacia",2,"Sidewalk: Curb side : Cutout","DPW",2008-04-23,20,2,37.7250492609916,-122.474754004974
"Other","Melaleuca linariifolia :: Flaxleaf Paperbark",4,"Sidewalk: Curb side : Cutout","Private",2005-07-15,3,3,37.7679728182494,-122.424511833787
"Other","Lophostemon confertus :: Brisbane Box",1,"Sidewalk: Curb side : Cutout","Private",2006-02-28,8,3,37.7298186908758,-122.383269564776
"Other","Lophostemon confertus :: Brisbane Box",4,"Sidewalk: Curb side : Cutout","Private",2017-01-05,3,3,37.785536126129,-122.39371308036
"Other","Tristaniopsis laurina :: Swamp Myrtle",1,"Sidewalk: Curb side : Cutout","Private",2003-12-09,16,3,37.746346288341,-122.422393986743
"Other","Tree(s) ::",1,"Sidewalk: Curb side : Cutout","Private",2017-02-03,3,3,37.7429572717864,-122.435414565427
"Other","Platanus x hispanica :: Sycamore: London Plane",2,"Sidewalk: Curb side : Cutout","Private",1990-03-07,6,3,37.7360921261264,-122.385758322913
"Other","Olea europaea 'Fruitless' :: Fruitless Olive",1,"Sidewalk: Curb side : Cutout","Private",2009-12-18,3,6,37.7665707358936,-122.425082484344
"Other","Lagunaria patersonii :: Primrose Tree",2,"Sidewalk: Curb side : Cutout","Private",2014-08-06,1,3,37.7403966964551,-122.46746831791
"Other","Lophostemon confertus :: Brisbane Box",1,"Sidewalk: Curb side : Cutout","Private",2007-02-20,3,3,37.7182789476207,-122.39771695421
"Other","Tree(s) ::",1,"Sidewalk: Curb side : Cutout","Private",2016-05-26,3,3,37.7459185435712,-122.463142265599
"Other","Acer rubrum :: Red Maple",5,"Sidewalk: Curb side : Cutout","Private",2016-04-04,3,3,37.751887038112,-122.464351010806
"Other","Ficus nitida :: Laurel Fig",2,"Sidewalk: Curb side : Cutout","Private",1990-04-16,50,3,37.779575183286,-122.433690098242
"Other","Platanus x hispanica :: Sycamore: London Plane",1,"Sidewalk: Curb side : Cutout","Port",1995-10-30,6,4,37.7992817461076,-122.397567846492
"Other","Tree(s) ::",1,"Sidewalk: Curb side : Cutout","Private",1980-12-04,8,3,37.7335262213359,-122.428761360112
"Other","Magnolia grandiflora 'Russet' :: Russet Magnolia",4,"Sidewalk: Curb side : Cutout","Private",2013-02-26,3,3,37.7785759102049,-122.408218187711
"Other","Lophostemon confertus :: Brisbane Box",1,"Sidewalk: Curb side : Cutout","Private",1995-11-30,6,3,37.7755125209681,-122.42085610622
"Other","Corymbia ficifolia :: Red Flowering Gum",1,"Sidewalk: Curb side : Cutout","Private",1996-11-25,16,5,37.7411127900368,-122.417316380484
"Other","Tristaniopsis laurina :: Swamp Myrtle",3,"Sidewalk: Curb side : Cutout","Private",2016-06-07,3,3,37.7956986045686,-122.424466219844
"Other","Magnolia grandiflora :: Southern Magnolia",18,"Sidewalk: Curb side : Cutout","Purchasing Dept",2006-09-11,3,4,37.7439170824372,-122.390249918369
"Other","Platanus x hispanica :: Sycamore: London Plane",16,"Sidewalk: Curb side : Cutout","Port",2001-02-01,12,3,37.7806378144268,-122.388947276171
"Other","Platanus x hispanica :: Sycamore: London Plane",1,"Sidewalk: Curb side : Cutout","Port",2000-12-18,12,4,37.7934997349939,-122.392506866704
"Other","Lophostemon confertus :: Brisbane Box",7,"Sidewalk: Curb side : Cutout","Private",2017-09-12,3,3,37.7738418457656,-122.408790872027
"Other","Corymbia ficifolia :: Red Flowering Gum",1,"Sidewalk: Curb side : Cutout","Private",1973-02-23,14,3,37.7416319294131,-122.420886138248
"Other","Pittosporum undulatum :: Victorian Box",1,"Sidewalk: Curb side : Cutout","Private",1990-05-07,12,3,37.7782350249698,-122.426873122068
"Other","Lophostemon confertus :: Brisbane Box",2,"Sidewalk: Curb side : Cutout","Private",2016-08-18,3,3,37.7885027900531,-122.413279293156
"Other","Tristaniopsis laurina :: Swamp Myrtle",13,"Sidewalk: Curb side : Cutout","Private",2016-11-10,3,3,37.7748722137679,-122.42430913733
"Other","Pyrus kawakamii :: Evergreen Pear",1,"Sidewalk: Curb side : Cutout","Private",2007-01-01,4,3,37.7907946063198,-122.434307574482
"Other","Maytenus boaria :: Mayten",3,"Sidewalk: Curb side : Cutout","Private",1990-04-11,3,3,37.7801814652814,-122.426561638009
"Other","Corymbia ficifolia :: Red Flowering Gum",15,"Sidewalk: Curb side : Cutout","PUC",2005-03-08,3,3,37.7216528879997,-122.47220960662
"Other","Platanus x hispanica :: Sycamore: London Plane",9,"Sidewalk: Curb side : Cutout","Private",2011-08-17,9,4,37.7990918675768,-122.401235100386
"Other","Magnolia grandiflora :: Southern Magnolia",1,"Sidewalk: Curb side : Cutout","Dept of Real Estate",2006-02-11,3,3,37.7840767362854,-122.403876281312
"Other","Magnolia spp :: Magnolia",1,"Sidewalk: Curb side : Cutout","Private",1976-09-16,20,6,37.7608172180801,-122.437394726023
"Other","Tree(s) ::",3,"Sidewalk: Curb side : Cutout","Private",2006-09-06,3,3,37.7807175752995,-122.393633072247
"Other","Tree(s) ::",1,"Sidewalk: Curb side : Cutout","Private",2017-02-03,3,3,37.7307530256695,-122.446861792344
"Other","Pyrus kawakamii :: Evergreen Pear",1,"Sidewalk: Curb side : Cutout","Private",1990-03-23,6,4,37.7861868134065,-122.431926195851
"Other","Platanus x hispanica :: Sycamore: London Plane",1,"Sidewalk: Curb side : Cutout","Private",2014-11-10,3,3,37.7920333111805,-122.440130949989
"Other","Tree(s) ::",2,"Sidewalk: Curb side : Cutout","Port",2014-06-24,20,3,37.7911586409716,-122.445984946853
"Other","Lophostemon confertus :: Brisbane Box",4,"Sidewalk: Curb side : Cutout","Private",2019-10-16,3,3,37.7842640010762,-122.410927291409
"Other","Washingtonia robusta :: Mexican Fan Palm",3,"Sidewalk: Curb side : Cutout","Private",2012-05-28,12,3,37.7286075378693,-122.467717637207
"Other","Platanus x hispanica 'Yarwood' :: Yarwood Sycamore",3,"Sidewalk: Curb side : Cutout","Port",2001-02-05,12,3,37.808912348093,-122.41573688061
"Other","Olea europaea :: Olive Tree",1,"Sidewalk: Curb side : Cutout","Private",2006-02-28,3,3,37.7810779855184,-122.446916917115
"Other","Magnolia grandiflora 'Little Gem' :: Little Gem Magnolia",1,"Sidewalk: Property side : Cutout","Private",2019-07-03,3,3,37.7310148065902,-122.478011682019
"Other","Metrosideros excelsa :: New Zealand Xmas Tree",1,"Sidewalk: Curb side : Cutout","Private",1983-07-09,10,3,37.7598336026602,-122.475203607164
"Other","Washingtonia robusta :: Mexican Fan Palm",7,"Sidewalk: Curb side : Cutout","Private",2018-03-20,3,4,37.7669439332411,-122.397677495329
"Other","Platanus x hispanica :: Sycamore: London Plane",1,"Sidewalk: Curb side : Cutout","Private",1983-04-25,18,5,37.7711299378789,-122.433713599169
"Other","Rhaphiolepis Majestic Beauty :: Indian Hawthorn  'Majestic Beau'",2,"Sidewalk: Curb side : Cutout","Private",1998-05-26,5,3,37.7245175599498,-122.391032618645
"Other","Acer rubrum 'Armstrong' :: Armstrong Red Maple",1,"Sidewalk: Curb side : Cutout","DPW",2016-02-19,3,3,37.7529005086992,-122.409581443394
"Other","Tristaniopsis laurina :: Swamp Myrtle",1,"Sidewalk: Curb side : Cutout","Private",2019-01-28,3,3,37.7205885233371,-122.443368776907
"Other","Corymbia ficifolia :: Red Flowering Gum",13,"Sidewalk: Curb side : Cutout","PUC",1995-06-15,12,3,37.7238438117461,-122.472033912425
"Other","Magnolia grandiflora 'Little Gem' :: Little Gem Magnolia",1,"Sidewalk: Curb side : Cutout","Private",2015-01-20,3,3,37.7542935760975,-122.465771900659
"Other","Lophostemon confertus :: Brisbane Box",13,"Sidewalk: Curb side : Cutout","Private",2001-01-26,9,3,37.7365838606598,-122.386190822782
"Other","Lophostemon confertus :: Brisbane Box",1,"Sidewalk: Curb side : Cutout","Private",2017-01-05,3,3,37.785536126129,-122.39371308036
"Other","Tree(s) ::",1,"Sidewalk: Curb side : Cutout","Private",2015-01-06,3,4,37.7641813150476,-122.461265047591
"Other","Pyrus calleryana 'Aristocrat' :: Aristocrat Callery Pear",1,"Sidewalk: Curb side : Cutout","Private",1997-02-21,30,3,37.7394596586207,-122.412265995986
"Other","Tristaniopsis laurina :: Swamp Myrtle",1,":","Private",2018-09-17,3,3,37.7745186107768,-122.427121843201
"Other","Lophostemon confertus :: Brisbane Box",3,"Sidewalk: Curb side : Cutout","Private",2006-02-28,6,3,37.7199425878086,-122.392163639387
"Other","Pittosporum undulatum :: Victorian Box",1,"Sidewalk: Curb side : Cutout","Private",1988-08-15,8,2.5,37.7606565715575,-122.422226050785
"Other","Lophostemon confertus :: Brisbane Box",1,"Sidewalk: Curb side : Cutout","Private",2001-12-04,11,3,37.7878430651529,-122.391832357976
"Other","Maytenus boaria :: Mayten",1,"Sidewalk: Curb side : Cutout","Private",2009-07-01,3,3,37.7208849628012,-122.432167545235
"Other","Tree(s) ::",1,"Sidewalk: Curb side : Cutout","Private",2011-04-29,13,3,37.7518751488757,-122.437006504969
"Other","Betula pendula :: European White Birch",1,"Sidewalk: Curb side : Cutout","Private",2018-12-04,3,4,37.7357869155289,-122.421451570943
"Other","Tree(s) ::",1,"Sidewalk: Curb side : Cutout","Private",2015-07-23,3,3,37.7790306545162,-122.397181094632
"Other","Magnolia grandiflora :: Southern Magnolia",2,"Sidewalk: Curb side : Cutout","Private",2008-06-26,2,3,37.7866059021685,-122.468105458905
"Other","Tree(s) ::",1,"Sidewalk: Curb side : Cutout","Private",2011-12-07,3,3,37.7531199745231,-122.445333534573
"Other","Ulmus parvifolia :: Chinese Elm",4,"Sidewalk: Curb side : Cutout","Private",2018-03-20,3,3,37.7665955668607,-122.39512298129
"Other","Magnolia grandiflora :: Southern Magnolia",1,"Sidewalk: Curb side : Cutout","Private",2019-01-07,3,3,37.7855014569703,-122.480751415036
"Other","Platanus x hispanica :: Sycamore: London Plane",5,"Sidewalk: Curb side : Cutout","Private",1997-11-21,25,3,37.7605630977095,-122.421288241163
"Other","Maytenus boaria :: Mayten",3,"Sidewalk: Curb side : Cutout","Private",2002-06-11,7,3,37.7588935777169,-122.412397863657
"Other","Tristaniopsis laurina :: Swamp Myrtle",1,"Sidewalk: Curb side : Cutout","Private",2010-06-11,3,2,37.7450383826304,-122.408068471788
"Other","Podocarpus gracilor :: Fern Pine",1,"Sidewalk: Curb side : Cutout","Private",2018-01-30,3,3,37.7380342134096,-122.416623786263
"Other","Lophostemon confertus :: Brisbane Box",2,"Sidewalk: Curb side : Cutout","Private",1995-08-23,12,3,37.734964889641,-122.382981843975
"Other","Arbutus 'Marina' :: Hybrid Strawberry Tree",5,"Sidewalk: Curb side : Cutout","Private",2016-02-03,3,3,37.745451336071,-122.43557466137
"Other","Lophostemon confertus :: Brisbane Box",1,"Sidewalk: Curb side : Cutout","Private",2008-01-18,3,3,37.718208430114,-122.398273402721
"Other","Ceanothus 'Ray Hartman' :: California Lilac 'Ray Hartman'",3,"Sidewalk: Curb side : Cutout","Private",1998-06-12,3,3,37.7603812969624,-122.384018475054
"Other","Syagrus romanzoffianum :: Queen Palm",2,"Sidewalk: Curb side : Cutout","Private",2009-11-01,3,3,37.7865897969129,-122.419720826278
"Other","Tristaniopsis laurina :: Swamp Myrtle",1,"Sidewalk: Curb side : Cutout","Private",2019-01-28,3,4,37.8005613036105,-122.441179804419
"Other","Prunus lyonii :: Catalina Cherry",2,"Sidewalk: Curb side : Cutout","Private",2008-06-04,4,3,37.7229048353865,-122.427367408132
"Other","Ginkgo biloba 'Princeton Sentry' :: Princeton Sentry Maidenhair",1,"Sidewalk: Curb side : Cutout","Private",2012-08-07,24,3,37.7969580495509,-122.423274742897
"Other","Corymbia ficifolia :: Red Flowering Gum",1,"Sidewalk: Curb side : Cutout","Private",1992-05-07,12,3,37.7819808563968,-122.434622894692
"Other","Magnolia grandiflora :: Southern Magnolia",1,"Sidewalk: Curb side : Cutout","Private",1998-12-12,3,4,37.7756818605142,-122.428676512776
"Other","Arbutus 'Marina' :: Hybrid Strawberry Tree",1,"Sidewalk: Curb side : Cutout","Private",2001-06-18,12,3,37.7213146240404,-122.46456981823
"Other","Ulmus parvifolia :: Chinese Elm",1,"Sidewalk: Curb side : Cutout","Private",1998-04-03,8,4,37.7973863786405,-122.403547515196
"Other","Arbutus 'Marina' :: Hybrid Strawberry Tree",1,"Sidewalk: Curb side : Cutout","Private",2017-04-25,3,3,37.7158252789105,-122.436274566668
"Other","Tree(s) ::",3,"Sidewalk: Curb side : Cutout","Rec/Park",2014-01-02,12,3,37.7800537702914,-122.428653843346
"Other","Eucalyptus Spp :: Eucalyptus",4,"Sidewalk: Curb side : Cutout","Private",2011-09-30,23,4,37.7503237031932,-122.436135767062
"Other","Pyrus kawakamii :: Evergreen Pear",1,"Sidewalk: Curb side : Cutout","Private",1993-01-05,6,3,37.7296136527509,-122.381146110708
"Other","Arbutus 'Marina' :: Hybrid Strawberry Tree",2,"Sidewalk: Curb side : Cutout","Private",2012-10-01,12,3,37.7186879861427,-122.397788483239
"Other","Eriobotrya deflexa :: Bronze Loquat",1,"Sidewalk: Curb side : Cutout","Private",2017-08-09,3,4,37.7121800264355,-122.437780563503
"Other","Eriobotrya deflexa :: Bronze Loquat",1,"Sidewalk: Curb side : Cutout","Private",2015-01-27,3,3,37.7539999097808,-122.430862790198
"Other","Lophostemon confertus :: Brisbane Box",4,"Sidewalk: Curb side : Cutout","Private",1995-01-20,3,2,37.7616075289461,-122.388823529289
"Other","Pittosporum undulatum :: Victorian Box",3,"Sidewalk: Curb side : Cutout","Private",2008-11-08,3,3,37.7726489102167,-122.43238195811
"Other","Lophostemon confertus :: Brisbane Box",1,"Sidewalk: Curb side : Cutout","Private",1990-05-24,13,3,37.7267759667116,-122.461478485951
"Other","Tree(s) ::",1,"Sidewalk: Curb side : Cutout","Private",2006-11-28,3,4,37.7498509271031,-122.429399011377
"Other","Pittosporum spp :: Pittosporum spp",10,"Sidewalk: Curb side : Cutout","Office of Mayor",2016-01-19,3,3,37.7797350134544,-122.430062547125
"Other","Eriobotrya deflexa :: Bronze Loquat",2,"Sidewalk: Curb side : Cutout","Private",2017-10-31,3,3,37.7669118184545,-122.4167621155
"Other","Lophostemon confertus :: Brisbane Box",1,"Sidewalk: Curb side : Cutout","Private",2000-04-20,6,3,37.7799803743496,-122.389299616981
"Other","Palm (unknown Genus) :: Palm Spp",6,"Sidewalk: Curb side : Cutout","Private",2003-07-25,12,3,37.761432435497,-122.393574353924
"Other","Prunus serrulata 'Kwanzan' :: Kwanzan Flowering Cherry",1,"Sidewalk: Curb side : Cutout","Private",2012-12-27,5,3,37.7515457024264,-122.431263818404
"Other","Magnolia grandiflora :: Southern Magnolia",2,"Sidewalk: Curb side : Cutout","Private",2015-11-03,3,3,37.7953804657925,-122.434397600465
"Other","Melaleuca quinquenervia :: Cajeput",2,"Sidewalk: Curb side : Cutout","Private",1996-05-15,5,3,37.7362499588234,-122.385749620885
"Other","Lophostemon confertus :: Brisbane Box",1,"Sidewalk: Curb side : Cutout","Private",2015-11-03,12,3,37.7832203349453,-122.415995113119
"Other","Tristaniopsis laurina :: Swamp Myrtle",10,"Sidewalk: Curb side : Cutout","Rec/Park",1998-07-06,3,3,37.7258067629719,-122.442479358973
"Other","Tree(s) ::",1,"Sidewalk: Curb side : Cutout","Private",2015-09-23,12,3,37.7480913062991,-122.405070752301
"Other","Tree(s) ::",4,"Sidewalk: Curb side : Cutout","Private",2019-12-17,0,9,37.7620514180509,-122.389544911688
"Other","Corymbia ficifolia :: Red Flowering Gum",17,"Sidewalk: Curb side : Cutout","PUC",1995-06-23,12,3,37.7171549272284,-122.472485017828
"Other","Pittosporum crassifolium :: Karo Tree",1,"Sidewalk: Curb side : Cutout","Private",2016-06-29,3,6,37.7967792476092,-122.401729753342
"Other","Washingtonia robusta :: Mexican Fan Palm",2,"Sidewalk: Curb side : Cutout","Private",2017-05-25,3,3,37.7795558601644,-122.407223669342
"Other","Acer buergeranum :: Trident Maple",1,"Sidewalk: Curb side : Cutout","Private",2015-01-22,3,3,37.7090892698694,-122.443658181084
"Other","Liquidambar styraciflua :: American Sweet Gum",2,"Sidewalk: Curb side : Cutout","Private",1981-01-14,12,4,37.7657953383606,-122.421139154349
"Other","Magnolia grandiflora 'Little Gem' :: Little Gem Magnolia",3,"Sidewalk: Property side : Yard","Private",2016-12-21,3,4,37.7243327619491,-122.468352901223
"Other","Tree(s) ::",1,"Sidewalk: Curb side : Cutout","Private",2015-07-13,3,3,37.7427771012669,-122.470039963617
"Other","Tree(s) ::",2,"Sidewalk: Curb side : Cutout","Private",2016-02-04,3,3,37.8048028635373,-122.440350399876
"Other","Lophostemon confertus :: Brisbane Box",1,"Sidewalk: Curb side : Cutout","Private",2017-12-08,3,3,37.7862850971301,-122.439229688457
"Other","Lophostemon confertus :: Brisbane Box",3,"Sidewalk: Curb side : Cutout","Private",2007-02-16,3,3,37.7830117847389,-122.425154916389
"Other","Hymenosporum flavum :: Sweet Shade",1,"Sidewalk: Curb side : Cutout","Private",2007-03-14,6,3,37.7404720645711,-122.386587398583
"Other","Tree(s) ::",1,"Sidewalk: Curb side : Cutout","Private",1980-01-08,22,3,37.7675617523691,-122.450575971984
"Other","Phoenix canariensis :: Canary Island Date Palm",11,"Median : Cutout","Port",2001-02-05,24,4,37.7955217871698,-122.394396639485
"Other","Arbutus 'Marina' :: Hybrid Strawberry Tree",2,"Sidewalk: Curb side : Cutout","Private",1995-03-21,12,3,37.7306108324003,-122.439859019702
"Other","Platanus x hispanica :: Sycamore: London Plane",15,"Sidewalk: Curb side : Cutout","Port",2001-02-01,12,3,37.7806861454365,-122.388907195889
"Other","Callistemon citrinus :: Lemon Bottlebrush",1,"Sidewalk: Curb side : Cutout","Private",2015-03-02,3,3,37.7550220459753,-122.504020225851
"Other","Platanus x hispanica :: Sycamore: London Plane",17,"Sidewalk: Curb side : Cutout","Port",1995-10-15,6,4,37.8060884463757,-122.404375360949
"Other","Lophostemon confertus :: Brisbane Box",1,"Sidewalk: Curb side : Cutout","Private",2017-06-05,3,4,37.8025259652646,-122.423293075825
"Other","Lophostemon confertus :: Brisbane Box",1,"Sidewalk: Curb side : Cutout","Private",1990-03-15,30,3,37.7705521343685,-122.44395792635
"Other","Lophostemon confertus :: Brisbane Box",1,"Sidewalk: Curb side : Cutout","Private",1978-09-21,8,3,37.7664046289786,-122.419485327641
"Other","Jacaranda mimosifolia :: Jacaranda",1,"Sidewalk: Curb side : Cutout","Private",1997-07-05,12,6,37.7651141201322,-122.410530241296
"Other","Magnolia grandiflora 'Little Gem' :: Little Gem Magnolia",3,"Sidewalk: Curb side : Cutout","Private",2015-03-19,3,3,37.7244202473951,-122.439827638683
"Other","Arbutus 'Marina' :: Hybrid Strawberry Tree",1,"Sidewalk: Curb side : Cutout","Private",2008-12-03,2,3,37.7357177838285,-122.431505742398
"Other","Pittosporum undulatum :: Victorian Box",1,"Sidewalk: Curb side : Cutout","Private",2006-03-01,8,3,37.7791300442685,-122.402087872132
"Other","Prunus serrulata 'Kwanzan' :: Kwanzan Flowering Cherry",1,"Sidewalk: Curb side : Cutout","Private",2014-03-03,15,5,37.770471351578,-122.435220225203
"Other","Pittosporum undulatum :: Victorian Box",3,"Sidewalk: Curb side : Cutout","Private",2017-09-18,3,6,37.7511816461268,-122.408251752714
"Other","Metrosideros excelsa :: New Zealand Xmas Tree",1,"Sidewalk: Curb side : Cutout","Private",2016-05-17,3,3,37.7822541806174,-122.415528017206
"Other","Tristaniopsis laurina :: Swamp Myrtle",1,"Sidewalk: Curb side : Cutout","Private",2011-06-15,3,3,37.7677407737782,-122.429918651186
"Other","Pyrus kawakamii :: Evergreen Pear",1,"Sidewalk: Curb side : Cutout","Private",2012-06-06,7,4,37.7551316851739,-122.391004420622
"Other","Prunus cerasifera :: Cherry Plum",2,"Sidewalk: Curb side : Cutout","Private",2017-01-03,0,3,37.7607001866898,-122.417182659168
"Other","Tristaniopsis laurina :: Swamp Myrtle",1,"Sidewalk: Curb side : Cutout","Private",2003-04-01,3,3,37.7246865445791,-122.459488367015
"Other","Liquidambar styraciflua 'Palo Alto' :: Palo Alto Sweet Gum",4,"Sidewalk: Curb side : Cutout","Private",2007-11-21,4,3,37.7570585841288,-122.419705571484
"Other","Eriobotrya deflexa :: Bronze Loquat",3,"Sidewalk: Curb side : Cutout","Private",2007-05-29,2,3,37.771298965913,-122.416133528945
"Other","Prunus cerasifera 'Krauter vesuvius' :: Purple Leaf Plum Krauter Vesuvius",2,"Sidewalk: Curb side : Cutout","Private",2012-12-07,10,3,37.7616611583313,-122.409072215017
"Other","Araucaria araucana :: Monkey puzzle",1,"Front Yard : Yard","Private",2017-05-30,3,3,37.7616357315689,-122.442804047122
"Other","Arbutus 'Marina' :: Hybrid Strawberry Tree",7,"Sidewalk: Curb side : Cutout","PUC",2008-01-18,3,3,37.7215720016004,-122.472440839907
"Other","Lophostemon confertus :: Brisbane Box",10,"Sidewalk: Curb side : Cutout","Rec/Park",1997-02-25,12,3,37.7814929008439,-122.42399680549
"Other","Arbutus 'Marina' :: Hybrid Strawberry Tree",2,"Sidewalk: Curb side : Cutout","Private",2011-04-21,3,3,37.7198180140809,-122.408411114692
"Other","Corymbia ficifolia :: Red Flowering Gum",23,"Sidewalk: Curb side : Cutout","PUC",2005-03-08,3,3,37.7216528879997,-122.47220960662
"Other","Acer rubrum :: Red Maple",1,"Sidewalk: Curb side : Cutout","Private",2008-04-22,3,3,37.7101888713812,-122.455574291439
"Other","Magnolia grandiflora :: Southern Magnolia",1,"Sidewalk: Curb side : Cutout","Private",2010-01-20,2,3,37.7632007514424,-122.424600058334
"Other","Arbutus 'Marina' :: Hybrid Strawberry Tree",1,"Sidewalk: Curb side : Cutout","Private",1998-12-21,8,3,37.7646055260983,-122.413131696747
"Other","Pittosporum undulatum :: Victorian Box",1,"Sidewalk: Curb side : Cutout","Private",1994-06-28,12,4,37.7662515042964,-122.419653398412
"Other","Magnolia grandiflora 'Little Gem' :: Little Gem Magnolia",1,"Sidewalk: Curb side : Cutout","Private",2009-11-01,3,3,37.7883661638156,-122.420416088533
"Other","Tristaniopsis laurina :: Swamp Myrtle",2,"Sidewalk: Curb side : Cutout","Private",1993-04-20,6,3,37.7205144342923,-122.396339265181
"Other","Tree(s) ::",1,"Sidewalk: Curb side : Cutout","Private",2015-05-16,3,3,37.7432856997735,-122.432309510606
"Other","Pyrus calleryana 'Aristocrat' :: Aristocrat Callery Pear",3,"Sidewalk: Curb side : Cutout","Private",2007-03-01,3,3,37.7722336617279,-122.418276562246
"Other","Syzygium paniculatum :: Brush Cherry",1,"Sidewalk: Curb side : Cutout","Private",2016-11-07,3,3,37.7339319096844,-122.464724497297
"Other","Arbutus 'Marina' :: Hybrid Strawberry Tree",1,"Sidewalk: Curb side : Cutout","MTA",1996-06-28,8,3,37.7208226804469,-122.446619141783
"Other","Tree(s) ::",2,"Sidewalk: Curb side : Cutout","Private",2011-06-17,18,3,37.7514926068818,-122.43186249165
"Other","Lophostemon confertus :: Brisbane Box",1,"Sidewalk: Curb side : Cutout","Private",1998-12-12,20,4,37.7729015496309,-122.427859946894
"Other","Platanus x hispanica :: Sycamore: London Plane",43,"Sidewalk: Curb side : Cutout","Port",1995-10-30,6,4,37.8015350805856,-122.399937496957
"Other","Tree(s) ::",1,"Sidewalk: Curb side : Cutout","Private",2015-04-07,3,3,37.7677960380785,-122.416694183518
"Other","Ginkgo biloba 'Autumn Gold' :: Ginkgo: Autumn Gold",8,"Sidewalk: Curb side : Cutout","Private",2009-06-26,3,3,37.7672998944856,-122.421213943138
"Other","Myoporum laetum :: Myoporum",1,"Sidewalk: Curb side : Cutout","Private",2016-08-18,3,4,37.7654379718508,-122.45127562217
"Other","Tristaniopsis laurina 'Elegant' :: Small-leaf Tristania 'Elegant'",1,"Sidewalk: Curb side : Cutout","Private",1997-02-28,6,3,37.7806323990208,-122.431624898149
"Other","Leptospermum scoparium 'Ruby Glow' :: New Zealand Ruby Glow Tea Tree",1,"Sidewalk: Curb side : Cutout","Private",2015-03-03,3,3,37.765455855162,-122.469471856315
"Other","Cotinus coggygria 'Royal Purple' :: Smoke tree",5,"Sidewalk: Curb side : Cutout","Private",2015-05-05,3,3,37.7633108106613,-122.406727421634
"Other","Lophostemon confertus :: Brisbane Box",1,"Sidewalk: Curb side : Cutout","Private",1999-12-13,2,3,37.7775739347442,-122.423172500044
"Other","Ligustrum lucidum :: Glossy Privet",8,"Sidewalk: Curb side : Cutout","SFUSD",1994-06-18,3,3,37.7371218206329,-122.413131433288
"Other","Lagunaria patersonii :: Primrose Tree",1,"Sidewalk: Curb side : Cutout","DPW",2019-11-18,3,3,37.7738527032106,-122.479052157213
"Other","Platanus x hispanica 'Yarwood' :: Yarwood Sycamore",25,"Sidewalk: Curb side : Cutout","Port",2001-02-05,12,4,37.7976528582722,-122.395985750709
"Other","Tree(s) ::",1,"Sidewalk: Curb side : Cutout","Private",2016-10-07,3,3,37.7409102741074,-122.4592152915
"Other","Pistacia chinensis :: Chinese Pistache",1,"Sidewalk: Curb side : Cutout","Private",2016-05-17,3,3,37.7485677985315,-122.438095249236
"Other","Eriobotrya deflexa :: Bronze Loquat",1,"Sidewalk: Curb side : Cutout","Private",2015-01-12,3,3,37.7386556931549,-122.42007742591
"Other","Phoenix canariensis :: Canary Island Date Palm",7,"Median : Cutout","Port",1994-07-15,12,3,37.7805375397414,-122.388880882265
"Other","Acacia baileyana :: Bailey's Acacia",14,"Sidewalk: Curb side : Cutout","Private",2006-03-03,3,3,37.732749510625,-122.415140102537
"Other","Arbutus 'Marina' :: Hybrid Strawberry Tree",2,"Sidewalk: Curb side : Cutout","Private",2002-05-02,1,3,37.7705445057003,-122.428264732992
"Other","Platanus x hispanica 'Yarwood' :: Yarwood Sycamore",8,"Sidewalk: Curb side : Cutout","Private",2007-03-07,8,3,37.7797237344479,-122.400538552021
"Other","Pyrus calleryana :: Ornamental Pear",2,"Sidewalk: Curb side : Cutout","Private",2016-12-12,3,3,37.781152948088,-122.390064228941
"Other","Magnolia grandiflora :: Southern Magnolia",2,"Sidewalk: Curb side : Cutout","Private",2011-06-10,3,3,37.7210976210121,-122.403496526224
"Other","Lophostemon confertus :: Brisbane Box",1,"Sidewalk: Curb side : Cutout","Private",1995-02-02,3,3,37.7530768502005,-122.387935506959
"Other","Tree(s) ::",1,"Sidewalk: Curb side : Cutout","Private",2016-01-11,20,3,37.7539824795408,-122.431792307029
"Other","Lophostemon confertus :: Brisbane Box",2,"Sidewalk: Curb side : Cutout","Private",2005-08-20,5,9,37.7136194817396,-122.43697994925
"Other","Pittosporum tenuifolium :: Tawhiwhi Pittosporum",1,"Sidewalk: Curb side : Cutout","Private",2019-10-11,3,3,37.719743011404,-122.402437083292
"Other","Fraxinus oxycarpa 'Raywood' :: Raywood Ash",3,"Sidewalk: Curb side : Cutout","Private",2005-12-27,3,3,37.7761382468915,-122.416872236456
"Other","Tree(s) ::",2,"Sidewalk: Curb side : Cutout","Private",2013-10-25,16,3,37.7638058081441,-122.422701865406
"Other","Pittosporum tenuifolium :: Tawhiwhi Pittosporum",1,"Sidewalk: Curb side : Cutout","Private",1969-08-21,17,4,37.7622400499559,-122.447950536602
"Other","Arbutus 'Marina' :: Hybrid Strawberry Tree",1,"Sidewalk: Curb side : Cutout","Private",2019-08-23,3,3,37.7481147664022,-122.432531686182
"Other","Brahea edulis :: Guadalupe Palm",2,"Sidewalk: Curb side : Cutout","Private",2018-07-03,3,3,37.7519889207039,-122.410754139421
"Other","Pinus radiata :: Monterey Pine",2,"Sidewalk: Property side : Yard","DPW",2017-08-22,3,3,37.740195634398,-122.463202075736
"Other","Ficus nitida :: Laurel Fig",1,"Sidewalk: Curb side : Cutout","Private",2001-01-10,16,3,37.7766594822933,-122.422669431679
"Other","Ulmus parvifolia :: Chinese Elm",1,"Sidewalk: Curb side : Cutout","Private",2017-08-30,3,3,37.7930680031541,-122.392879995147
"Other","Eriobotrya deflexa :: Bronze Loquat",1,"Sidewalk: Curb side : Cutout","Private",1980-12-04,4,3,37.7334613379814,-122.429458147626
"Other","Prunus serrulata :: Ornamental Cherry",1,"Sidewalk: Curb side : Cutout","Private",2002-08-23,8,3,37.7614500048987,-122.443346807074
"Other","Rhaphiolepis Majestic Beauty :: Indian Hawthorn  'Majestic Beau'",1,"Sidewalk: Curb side : Cutout","Private",1998-04-24,6,3,37.7394283976201,-122.404336380175
"Other","Tristaniopsis laurina 'Elegant' :: Small-leaf Tristania 'Elegant'",1,"Sidewalk: Curb side : Cutout","Private",2016-12-02,3,3,37.7389386461297,-122.415817669649
"Other","Ginkgo biloba :: Maidenhair Tree",2,"Sidewalk: Curb side : Cutout","Private",2019-01-18,3,4,37.7814808023322,-122.477392789959
"Other","Cercis canadensis :: Eastern Redbud",1,"Sidewalk: Curb side : Cutout","Private",2014-09-25,3,3,37.7447365225765,-122.431137436699
"Other","Platanus x hispanica 'Yarwood' :: Yarwood Sycamore",2,"Sidewalk: Curb side : Cutout","Private",2004-06-30,3,4,37.7759718030505,-122.418013668426
"Other","Lophostemon confertus :: Brisbane Box",4,"Sidewalk: Curb side : Cutout","Private",2016-02-01,3,3,37.7697340787486,-122.42207014677
"Other","Melaleuca quinquenervia :: Cajeput",14,"Sidewalk: Curb side : Cutout","Port",1999-12-10,6,3,37.7554914042846,-122.386983490089
"Other","Magnolia grandiflora 'Little Gem' :: Little Gem Magnolia",2,"Sidewalk: Curb side : Cutout","Private",1998-01-15,3,3,37.7994725475626,-122.439898035919
"Other","Pyrus calleryana 'Chanticleer' :: Ornamental Pear Tree 'Chanticleer'",6,"Sidewalk: Curb side : Cutout","Private",2008-11-18,3,3,37.7713264423251,-122.418235884317
"Other","Leptospermum petersonii :: Lemon Scented Tea Tree",1,"Sidewalk: Curb side : Cutout","Private",2014-12-24,3,3,37.7608607468587,-122.474789624033
"Other","Pittosporum undulatum :: Victorian Box",1,"Sidewalk: Curb side : Cutout","Private",1979-03-29,14,6,37.7692976781052,-122.444442758417
"Other","Washingtonia robusta :: Mexican Fan Palm",1,"Sidewalk: Curb side : Cutout","Private",2016-02-10,3,3,37.7233025441304,-122.455064598389
"Other","Metrosideros excelsa :: New Zealand Xmas Tree",1,"Sidewalk: Curb side : Cutout","Private",1991-11-04,4,3,37.7139727473786,-122.460572653796
"Other","Platanus x hispanica :: Sycamore: London Plane",4,"Sidewalk: Curb side : Cutout","Private",2011-08-17,6,4,37.7990918675768,-122.401235100386
"Other","Olea europaea 'Fruitless' :: Fruitless Olive",1,"Sidewalk: Curb side : Cutout","Private",2016-03-24,3,3,37.8031457701614,-122.410961227909
"Other","Lophostemon confertus :: Brisbane Box",3,"Sidewalk: Curb side : Cutout","Private",2017-02-02,3,3,37.7636598220322,-122.389133734093
"Other","Prunus cerasifera :: Cherry Plum",1,"Sidewalk: Curb side : Cutout","Private",1994-10-08,3,3,37.7286596263816,-122.448936526179
"Other","Tree(s) ::",1,"Sidewalk: Curb side : Cutout","Private",2016-10-05,3,3,37.7258155279415,-122.435898987028
"Other","Lophostemon confertus :: Brisbane Box",1,"Sidewalk: Curb side : Cutout","Private",1981-08-27,16,5,37.7613603931066,-122.448971062605
"Other","Eriobotrya deflexa :: Bronze Loquat",10,"Sidewalk: Curb side : Cutout","DPW for City Agency",2016-02-16,3,3,37.7497627495089,-122.43282423124
"Other","Melaleuca quinquenervia :: Cajeput",4,"Sidewalk: Curb side : Cutout","Private",1997-04-22,3,2,37.7400561799102,-122.400468107084
"Other","Lophostemon confertus :: Brisbane Box",20,"Sidewalk: Curb side : Cutout","Private",1998-12-11,8,3,37.7357266870687,-122.383418119044
"Other","Acer saccharinum :: Silver Maple",1,"Sidewalk: Curb side : Cutout","Private",1973-05-16,12,2,37.7437466655342,-122.40823523705
"Other","Crataegus laevigata :: English Hawthorn",1,"Sidewalk: Curb side : Cutout","Private",2016-01-14,3,3,37.77182785317,-122.440575583218
"Other","Prunus cerasifera :: Cherry Plum",1,"Sidewalk: Curb side : Yard","Private",2004-04-26,4,3,37.7500516488693,-122.471923224775
"Other","Tree(s) ::",1,"Sidewalk: Curb side : Cutout","Private",2016-05-04,3,4,37.7770934310359,-122.419388656004
"Other","Arbutus 'Marina' :: Hybrid Strawberry Tree",2,"Sidewalk: Curb side : Cutout","Private",2010-06-05,3,3,37.7673854141811,-122.435539566136
"Other","Tristaniopsis laurina :: Swamp Myrtle",1,"Sidewalk: Curb side : Cutout","Private",2016-04-28,3,3,37.7961080479024,-122.413529902601
"Other","Pyrus calleryana 'Aristocrat' :: Aristocrat Callery Pear",4,"Sidewalk: Curb side : Cutout","Private",2015-10-06,3,3,37.7385310737434,-122.389057624952
"Other","Tree(s) ::",3,"Sidewalk: Property side : Cutout","Private",2015-06-02,3,3,37.7362056333855,-122.503692516423
"Other","Ulmus parvifolia :: Chinese Elm",6,"Sidewalk: Curb side : Cutout","Private",2011-04-10,3,3,37.7781355917554,-122.434667698155
"Other","Prunus serrulata 'Kwanzan' :: Kwanzan Flowering Cherry",9,"Sidewalk: Curb side : Cutout","Rec/Park",2006-03-15,3,3,37.7842509000301,-122.434609297971
"Other","Phoenix canariensis :: Canary Island Date Palm",6,"Median : Cutout","Port",1994-07-15,12,3,37.7806887314792,-122.388745782008
"Other","Platanus x hispanica 'Yarwood' :: Yarwood Sycamore",3,"Sidewalk: Curb side : Cutout","Private",2014-04-11,20,3,37.7687556461675,-122.422203660432
"Other","Agonis flexuosa :: Peppermint Willow",3,"Sidewalk: Curb side : Cutout","Private",2013-03-15,3,3,37.7453386886112,-122.418830426928
"Other","Arbutus 'Marina' :: Hybrid Strawberry Tree",4,"Sidewalk: Curb side : Cutout","Private",2011-04-21,3,3,37.7198180140809,-122.408411114692
"Other","Arbutus 'Marina' :: Hybrid Strawberry Tree",1,"Sidewalk: Curb side : Cutout","Private",2012-06-14,4,3,37.7667720917659,-122.425115731153
"Other","Arbutus 'Marina' :: Hybrid Strawberry Tree",5,"Sidewalk: Curb side : Cutout","Private",2015-01-06,3,3,37.7282773557004,-122.411538639849
"Other","Arbutus 'Marina' :: Hybrid Strawberry Tree",11,"Sidewalk: Curb side : Cutout","PUC",2008-01-18,3,3,37.7268427672434,-122.471941747662
"Other","Pyrus kawakamii :: Evergreen Pear",1,"Sidewalk: Curb side : Cutout","Private",1990-01-31,18,3,37.7705521343685,-122.44395792635
"Other","Acer rubrum :: Red Maple",1,"Sidewalk: Curb side : Cutout","Private",1996-03-08,3,3,37.7282477209308,-122.403943025563
"Other","Prunus serrulata 'Kwanzan' :: Kwanzan Flowering Cherry",6,"Sidewalk: Curb side : Cutout","Private",2014-12-30,3,3,37.7857587403195,-122.487591667787
"Other","Pyrus kawakamii :: Evergreen Pear",1,"Sidewalk: Curb side : Cutout","Private",2007-12-14,3,3,37.7778739709463,-122.430752525918
"Other","Lophostemon confertus :: Brisbane Box",2,"Sidewalk: Curb side : Cutout","Private",2017-11-03,3,3,37.7691996810398,-122.403473604048
"Other","Eriobotrya deflexa :: Bronze Loquat",2,"Sidewalk: Curb side : Cutout","Private",1998-06-29,3,3,37.7620601307471,-122.416546187971
"Other","Arbutus 'Marina' :: Hybrid Strawberry Tree",1,"Sidewalk: Curb side : Cutout","Private",2018-05-15,3,3,37.7382885158105,-122.495621472041
"Other","Arbutus 'Marina' :: Hybrid Strawberry Tree",6,"Median : Cutout","Private",2011-10-14,30,15,37.7258701708071,-122.458022688068
"Other","Pyrus kawakamii :: Evergreen Pear",1,"Sidewalk: Curb side : Cutout","Private",1994-08-13,12,3,37.7934429258981,-122.420339559376
"Other","Maytenus boaria :: Mayten",1,"Sidewalk: Curb side : Cutout","Private",1983-09-10,6,3,37.7555674144342,-122.415391382128
"Other","Acer rubrum :: Red Maple",3,"Sidewalk: Curb side : Cutout","Private",2017-04-05,3,2.5,37.7796659253507,-122.403440753721
"Other","Pittosporum undulatum :: Victorian Box",1,"Sidewalk: Curb side : Cutout","Private",1983-09-10,5,3,37.7554993708733,-122.415370190294
